{"cameraMode":{"drawMode":0,"name":"Shaded","section":"Shading Mode"},"sceneLighting":true,"audioPlay":false,"sceneViewState":{"showFog":true,"showMaterialUpdate":true,"showSkybox":true,"showFlares":true,"showImageEffects":true,"showParticleSystems":true},"in2DMode":false,"pivot":{"x":-22.47121810913086,"y":-18.587305068969728,"z":12.90921401977539},"rotation":{"x":-0.25990378856658938,"y":0.6279407739639282,"z":-0.23490621149539948,"w":-0.6950526833534241},"size":23.86948013305664,"orthographic":false}