{"cameraMode":{"drawMode":0,"name":"Shaded","section":"Shading Mode"},"sceneLighting":false,"audioPlay":false,"sceneViewState":{"m_AlwaysRefresh":false,"showFog":true,"showSkybox":false,"showFlares":true,"showImageEffects":true,"showParticleSystems":true,"showVisualEffectGraphs":true,"m_FxEnabled":true},"in2DMode":false,"pivot":{"x":0.11667756736278534,"y":1.4644924402236939,"z":0.1801643669605255},"rotation":{"x":-0.21782702207565309,"y":0.08798997849225998,"z":-0.01971970498561859,"w":-0.9718126058578491},"size":3.456908702850342,"orthographic":true}