{"cameraMode":{"drawMode":0,"name":"Shaded","section":"Shading Mode"},"sceneLighting":false,"audioPlay":false,"sceneViewState":{"m_AlwaysRefresh":false,"showFog":true,"showSkybox":false,"showFlares":true,"showImageEffects":true,"showParticleSystems":true,"showVisualEffectGraphs":true,"m_FxEnabled":true},"in2DMode":false,"pivot":{"x":3.5762786865234377e-7,"y":0.0629572868347168,"z":-0.03892922401428223},"rotation":{"x":-0.298710435628891,"y":0.46620678901672366,"z":-0.17087087035179139,"w":-0.8150074481964111},"size":1.7332603931427003,"orthographic":false}