{"cameraMode":{"drawMode":0,"name":"Shaded","section":"Shading Mode"},"sceneLighting":true,"audioPlay":true,"sceneViewState":{"showFog":true,"showMaterialUpdate":true,"showSkybox":true,"showFlares":true,"showImageEffects":true,"showParticleSystems":true},"in2DMode":false,"pivot":{"x":-2.569875955581665,"y":-8.937511444091797,"z":12.700202941894532},"rotation":{"x":-0.25984707474708559,"y":0.2838595509529114,"z":-0.08017796277999878,"w":-0.9195277094841003},"size":11.299647331237793,"orthographic":false}