{"cameraMode":{"drawMode":0,"name":"Shaded","section":"Shading Mode"},"sceneLighting":true,"audioPlay":false,"sceneViewState":{"m_AlwaysRefresh":false,"showFog":true,"showSkybox":true,"showFlares":true,"showImageEffects":true,"showParticleSystems":true,"showVisualEffectGraphs":true,"m_FxEnabled":true},"in2DMode":false,"pivot":{"x":-0.7998102903366089,"y":0.47801101207733157,"z":-22.518491744995118},"rotation":{"x":-0.10914292186498642,"y":0.6912385821342468,"z":-0.10680605471134186,"w":-0.7063356041908264},"size":1.1910996437072755,"orthographic":false}