{"cameraMode":{"drawMode":0,"name":"Shaded","section":"Shading Mode"},"sceneLighting":true,"audioPlay":false,"sceneViewState":{"m_AlwaysRefresh":false,"showFog":true,"showSkybox":true,"showFlares":true,"showImageEffects":true,"showParticleSystems":true,"showVisualEffectGraphs":true,"m_FxEnabled":true},"in2DMode":false,"pivot":{"x":-8.263803482055664,"y":-28.91603660583496,"z":41.429752349853519},"rotation":{"x":-0.36121147871017458,"y":0.07457603514194489,"z":-0.028989968821406366,"w":-0.9290658235549927},"size":33.22706985473633,"orthographic":false}